WKT,species,Latitude,Longitude
"POINT (-116.8775 33.4396)",Nemophila menziesii,33.4396,-116.8775
"POINT (-120.1913 35.20553)",Nemophila menziesii,35.20553,-120.1913
"POINT (-120.0051 35.35118)",Nemophila menziesii,35.35118,-120.0051
"POINT (-120.0051 35.35118)",Nemophila Menziesii,35.35118,-120.0051
"POINT (-123.7402 40.48322)",Nemophila menziesii,40.48322,-123.7402
"POINT (-119.4553 34.9712)",Nemophila menziesii,34.9712,-119.4553
"POINT (-118.5686 35.57044)",Nemophila menziesii,35.57044,-118.5686
"POINT (-119.9771 35.2993)",Nemophila menziesii,35.2993,-119.9771
"POINT (-120.3339 35.45983)",Nemophila menziesii,35.45983,-120.3339
"POINT (-120.4939 35.43811)",Nemophila menziesii,35.43811,-120.4939
"POINT (-120.33 35.46411)",Nemophila menziesii,35.46411,-120.33
"POINT (-120.3219 35.48118)",Nemophila menziesii,35.48118,-120.3219
"POINT (-120.5686 35.41804)",Nemophila menziesii,35.41804,-120.5686
"POINT (-120.8969 35.54394)",Nemophila menziesii,35.54394,-120.8969
"POINT (-119.706 34.4293)",Nemophila menziesii,34.4293,-119.706
"POINT (-121.8355 36.52703)",Nemophila menziesii,36.52703,-121.8355
"POINT (-120.6621 35.19782)",Nemophila menziesii,35.19782,-120.6621
"POINT (-119.5865 34.4916)",Nemophila menziesii,34.4916,-119.5865
"POINT (-123.7406 38.95473)",Nemophila menziesii,38.95473,-123.7406
"POINT (-120.6129 35.40219)",Nemophila menziesii,35.40219,-120.6129
"POINT (-119.374 35.91868)",Nemophila menziesii,35.91868,-119.374
"POINT (-120.4025 35.12639)",Nemophila menziesii,35.12639,-120.4025
"POINT (-119.2136 34.86159)",Nemophila menziesii,34.86159,-119.2136
"POINT (-119.8819 35.20622)",Nemophila menziesii,35.20622,-119.8819
"POINT (-120.5408 35.27952)",Nemophila menziesii,35.27952,-120.5408
"POINT (-120.4704 35.20779)",Nemophila menziesii,35.20779,-120.4704
"POINT (-120.2856 35.37976)",Nemophila menziesii,35.37976,-120.2856
"POINT (-119.7527 35.08439)",Nemophila Menziesii,35.08439,-119.7527
"POINT (-120.2253 35.72411)",Nemophila menziesii,35.72411,-120.2253
"POINT (-117.3194 33.96621)",Nemophila Menziesii,33.96621,-117.3194
"POINT (-120.463 35.09084)",Nemophila menziesii,35.09084,-120.463
"POINT (-119.7033 36.99766)",Nemophila menziesii,36.99766,-119.7033
"POINT (-120.4941 35.43469)",Nemophila menziesii,35.43469,-120.4941
"POINT (-121.0688 35.6834)",Nemophila menziesii,35.6834,-121.0688
"POINT (-119.6653 35.02778)",Nemophila menziesii,35.02778,-119.6653
"POINT (-120.6621 35.19782)",Nemophila menziesii,35.19782,-120.6621
"POINT (-122.493 37.71803)",Nemophila menziesii,37.71803,-122.493
"POINT (-120.4537 35.57975)",Nemophila menziesii,35.57975,-120.4537
"POINT (-120.3219 35.48118)",Nemophila menziesii,35.48118,-120.3219
"POINT (-121.8124 36.3788)",Nemophila menziesii,36.3788,-121.8124
"POINT (-121.7734 36.68175)",Nemophila menziesii,36.68175,-121.7734
"POINT (-121.7861 36.72606)",Nemophila menziesii,36.72606,-121.7861
"POINT (-122.2275 37.06412)",Nemophila menziesii,37.06412,-122.2275
"POINT (-121.9923 37.0664)",Nemophila menziesii,37.0664,-121.9923
"POINT (-116.8283 33.2923)",Nemophila menziesii,33.2923,-116.8283
"POINT (-121.8522 36.459)",Nemophila menziesii,36.459,-121.8522
"POINT (-118.6379 35.60659)",Nemophila menziesii,35.60659,-118.6379
"POINT (-120.053 34.748)",Nemophila menziesii,34.748,-120.053
"POINT (-117.3934 33.72163)",Nemophila menziesii,33.72163,-117.3934
"POINT (-116.8468 33.88068)",Nemophila menziesii,33.88068,-116.8468
"POINT (-119.9344 34.58411)",Nemophila menziesii,34.58411,-119.9344
"POINT (-119.6903 34.46246)",Nemophila menziesii,34.46246,-119.6903
"POINT (-119.4556 34.97116)",Nemophila menziesii,34.97116,-119.4556
"POINT (-117.3602 33.82158)",Nemophila menziesii,33.82158,-117.3602
"POINT (-117.4308 33.80996)",Nemophila menziesii,33.80996,-117.4308
"POINT (-121.5631 36.37908)",Nemophila menziesii,36.37908,-121.5631
"POINT (-117.7012 34.0968)",Nemophila menziesii,34.0968,-117.7012
"POINT (-116.8279 33.85103)",Nemophila menziesii,33.85103,-116.8279
"POINT (-119.061 34.5334)",Nemophila menziesii,34.5334,-119.061
"POINT (-117.7984 34.08714)",Nemophila menziesii,34.08714,-117.7984
"POINT (-117.1896 34.23496)",Nemophila menziesii,34.23496,-117.1896
"POINT (-120.933 35.76268)",Nemophila menziesii,35.76268,-120.933
"POINT (-119.2899 36.78455)",Nemophila menziesii,36.78455,-119.2899
"POINT (-122.7734 38.54038)",Nemophila menziesii,38.54038,-122.7734
"POINT (-119.8244 34.51152)",Nemophila menziesii,34.51152,-119.8244
"POINT (-117.4723 33.7619)",Nemophila menziesii,33.7619,-117.4723
"POINT (-120.0619 34.53346)",Nemophila menziesii,34.53346,-120.0619
"POINT (-119.5092 37.22858)",Nemophila menziesii,37.22858,-119.5092
"POINT (-119.8131 34.5111)",Nemophila menziesii,34.5111,-119.8131
"POINT (-119.5096 37.22967)",Nemophila menziesii,37.22967,-119.5096
"POINT (-119.9344 34.58411)",Nemophila menziesii,34.58411,-119.9344
"POINT (-119.6903 34.46246)",Nemophila menziesii,34.46246,-119.6903
"POINT (-118.681 35.805)",Nemophila menziesii,35.805,-118.681
"POINT (-119.6906 34.463)",Nemophila menziesii,34.463,-119.6906
"POINT (-117.4363 33.8713)",Nemophila menziesii,33.8713,-117.4363
"POINT (-120.311 36.10151)",Nemophila menziesii,36.10151,-120.311
"POINT (-119.952 34.648)",Nemophila menziesii,34.648,-119.952
"POINT (-120.3294 35.52585)",Nemophila menziesii,35.52585,-120.3294
"POINT (-119.1231 34.49598)",Nemophila menziesii,34.49598,-119.1231
"POINT (-122.118 37.2549)",Nemophila menziesii,37.2549,-122.118
"POINT (-121.7194 37.33849)",Nemophila menziesii,37.33849,-121.7194
"POINT (-123.0507 39.05838)",Nemophila menziesii,39.05838,-123.0507
"POINT (-122.9641 38.09709)",Nemophila menziesii,38.09709,-122.9641
"POINT (-121.5683 37.00578)",Nemophila menziesii,37.00578,-121.5683
"POINT (-116.842 33.8748)",Nemophila menziesii,33.8748,-116.842
"POINT (-117.1295 32.73409)",Nemophila menziesii,32.73409,-117.1295
"POINT (-117.1493 33.4956)",Nemophila menziesii,33.4956,-117.1493
"POINT (-117.1493 33.4956)",Nemophila menziesii,33.4956,-117.1493
"POINT (-117.1493 33.4956)",Nemophila menziesii,33.4956,-117.1493
"POINT (-119.0225 35.3748)",Nemophila menziesii,35.3748,-119.0225
"POINT (-116.5186 33.08232)",Nemophila menziesii,33.08232,-116.5186
"POINT (-116.6781 33.38516)",Nemophila menziesii,33.38516,-116.6781
"POINT (-116.5224 33.21113)",Nemophila menziesii,33.21113,-116.5224
"POINT (-116.6061 33.22157)",Nemophila menziesii,33.22157,-116.6061
"POINT (-116.5124 33.21145)",Nemophila menziesii,33.21145,-116.5124
"POINT (-118.1808 34.24636)",Nemophila menziesii,34.24636,-118.1808
"POINT (-116.5341 33.0768)",Nemophila menziesii,33.0768,-116.5341
"POINT (-118.833 35.17997)",Nemophila menziesii,35.17997,-118.833
"POINT (-119.6116 37.72644)",Nemophila menziesii,37.72644,-119.6116
"POINT (-119.6116 37.72644)",Nemophila menziesii,37.72644,-119.6116
"POINT (-122.2613 37.4634)",Nemophila menziesii,37.4634,-122.2613
"POINT (-118.7617 36.2649)",Nemophila menziesii,36.2649,-118.7617
"POINT (-119.5862 37.30911)",Nemophila menziesii,37.30911,-119.5862
"POINT (-118.7305 35.4758)",Nemophila menziesii,35.4758,-118.7305
"POINT (-119.4409 34.9666)",Nemophila menziesii,34.9666,-119.4409
"POINT (-117.7932 34.05154)",Nemophila menziesii,34.05154,-117.7932
"POINT (-120.4805 34.7791)",Nemophila menziesii,34.7791,-120.4805
"POINT (-116.6653 33.24254)",Nemophila menziesii,33.24254,-116.6653
"POINT (-118.3842 33.3842)",Nemophila menziesii,33.3842,-118.3842
"POINT (-116.4667 32.91667)",Nemophila menziesii,32.91667,-116.4667
"POINT (-117.8238 34.40152)",Nemophila menziesii,34.40152,-117.8238
"POINT (-116.8396 32.71452)",Nemophila menziesii,32.71452,-116.8396
"POINT (-117.7158 34.11293)",Nemophila menziesii,34.11293,-117.7158
"POINT (-119.6367 35.2925)",Nemophila menziesii,35.2925,-119.6367
"POINT (-118.0983 34.52291)",Nemophila menziesii,34.52291,-118.0983
"POINT (-119.8131 34.5111)",Nemophila menziesii,34.5111,-119.8131
"POINT (-122.2146 37.8761)",Nemophila menziesii,37.8761,-122.2146
"POINT (-116.7167 33.68333)",Nemophila menziesii,33.68333,-116.7167
"POINT (-117.0583 34.37667)",Nemophila menziesii,34.37667,-117.0583
"POINT (-117.4386 34.31417)",Nemophila menziesii,34.31417,-117.4386
"POINT (-119.9861 35.30722)",Nemophila menziesii,35.30722,-119.9861
"POINT (-117.4202 33.73696)",Nemophila menziesii,33.73696,-117.4202
"POINT (-117.1419 33.59833)",Nemophila menziesii,33.59833,-117.1419
"POINT (-118.15 34.3)",Nemophila menziesii,34.3,-118.15
"POINT (-122.91 38.94)",Nemophila menziesii,38.94,-122.91
"POINT (-118.51 34.32)",Nemophila menziesii,34.32,-118.51
"POINT (-118.19 34.25)",Nemophila menziesii,34.25,-118.19
"POINT (-118.61 34.09)",Nemophila menziesii,34.09,-118.61
"POINT (-118.44 34.37)",Nemophila menziesii,34.37,-118.44
"POINT (-122.35 38.63)",Nemophila menziesii,38.63,-122.35
"POINT (-122.41 38.61)",Nemophila menziesii,38.61,-122.41
"POINT (-119.36 34.89)",Nemophila menziesii,34.89,-119.36
"POINT (-119.4 34.91)",Nemophila menziesii,34.91,-119.4
"POINT (-118.31 34.32)",Nemophila menziesii,34.32,-118.31
"POINT (-118.57 34.32)",Nemophila menziesii,34.32,-118.57
"POINT (-118.02 34.24)",Nemophila menziesii,34.24,-118.02
"POINT (-118.37 34.44)",Nemophila menziesii,34.44,-118.37
"POINT (-121.5 39.6)",Nemophila menziesii,39.6,-121.5
"POINT (-121.63 39.18)",Nemophila menziesii,39.18,-121.63
"POINT (-121.26 38.51)",Nemophila menziesii,38.51,-121.26
"POINT (-119.9 35.23)",Nemophila menziesii,35.23,-119.9
"POINT (-119.91 35.19)",Nemophila menziesii,35.19,-119.91
"POINT (-117.3944 34.20361)",Nemophila menziesii,34.20361,-117.3944
"POINT (-116.4528 34.13917)",Nemophila menziesii,34.13917,-116.4528
"POINT (-116.4558 34.14917)",Nemophila menziesii,34.14917,-116.4558
"POINT (-116.4522 34.14472)",Nemophila menziesii,34.14472,-116.4522
"POINT (-116.7064 33.7734)",Nemophila menziesii,33.7734,-116.7064
"POINT (-116.8018 33.6401)",Nemophila menziesii,33.6401,-116.8018
"POINT (-116.8208 33.37773)",Nemophila menziesii,33.37773,-116.8208
"POINT (-117.3643 33.5068)",Nemophila menziesii,33.5068,-117.3643
"POINT (-117.395 33.55)",Nemophila menziesii,33.55,-117.395
"POINT (-116.7167 33.68333)",Nemophila menziesii,33.68333,-116.7167
"POINT (-119.2732 35.50192)",Nemophila menziesii,35.50192,-119.2732
"POINT (-118.3842 33.3842)",Nemophila menziesii,33.3842,-118.3842
"POINT (-116.4137 34.14236)",Nemophila menziesii,34.14236,-116.4137
"POINT (-121.5045 36.2742)",Nemophila menziesii,36.2742,-121.5045
"POINT (-116.9986 33.5025)",Nemophila menziesii,33.5025,-116.9986
"POINT (-117.2835 34.20841)",Nemophila menziesii,34.20841,-117.2835
"POINT (-118.2843 35.10194)",Nemophila menziesii,35.10194,-118.2843
"POINT (-116.9371 33.62205)",Nemophila menziesii,33.62205,-116.9371
"POINT (-117.3167 33.96667)",Nemophila menziesii,33.96667,-117.3167
"POINT (-118.8079 34.77768)",Nemophila menziesii,34.77768,-118.8079
"POINT (-117.3152 34.24787)",Nemophila menziesii,34.24787,-117.3152
"POINT (-116.68 33.67621)",Nemophila menziesii,33.67621,-116.68
"POINT (-118.35 34.43333)",Nemophila menziesii,34.43333,-118.35
"POINT (-118.7526 35.70558)",Nemophila menziesii,35.70558,-118.7526
"POINT (-118.3842 33.3842)",Nemophila menziesii,33.3842,-118.3842
"POINT (-116.5322 33.27083)",Nemophila menziesii,33.27083,-116.5322
"POINT (-116.9354 33.6093)",Nemophila menziesii,33.6093,-116.9354
"POINT (-116.9728 33.51939)",Nemophila menziesii,33.51939,-116.9728
"POINT (-117.3643 33.5068)",Nemophila menziesii,33.5068,-117.3643
"POINT (-117.5 33.78333)",Nemophila menziesii,33.78333,-117.5
"POINT (-122.2366 37.40407)",Nemophila menziesii,37.40407,-122.2366
"POINT (-117.0014 34.01472)",Nemophila menziesii,34.01472,-117.0014
"POINT (-118.4167 33.36179)",Nemophila menziesii,33.36179,-118.4167
"POINT (-117.4284 34.32516)",Nemophila menziesii,34.32516,-117.4284
"POINT (-116.7105 33.701)",Nemophila menziesii,33.701,-116.7105
"POINT (-116.9711 33.6804)",Nemophila menziesii,33.6804,-116.9711
"POINT (-116.9667 33.5)",Nemophila menziesii,33.5,-116.9667
"POINT (-116.8643 33.31277)",Nemophila menziesii,33.31277,-116.8643
"POINT (-117.4386 34.31417)",Nemophila menziesii,34.31417,-117.4386
"POINT (-116.6504 33.23535)",Nemophila menziesii,33.23535,-116.6504
"POINT (-117.4388 34.31102)",Nemophila menziesii,34.31102,-117.4388
"POINT (-118.5966 35.55099)",Nemophila menziesii,35.55099,-118.5966
"POINT (-117.5833 33.53333)",Nemophila menziesii,33.53333,-117.5833
"POINT (-118.3842 33.3842)",Nemophila menziesii,33.3842,-118.3842
"POINT (-116.9283 33.91111)",Nemophila menziesii,33.91111,-116.9283
"POINT (-118.4624 34.69656)",Nemophila menziesii,34.69656,-118.4624
"POINT (-116.5157 33.6698)",Nemophila menziesii,33.6698,-116.5157
"POINT (-116.9646 33.9092)",Nemophila menziesii,33.9092,-116.9646
"POINT (-116.9072 33.45917)",Nemophila menziesii,33.45917,-116.9072
"POINT (-119.3464 36.2078)",Nemophila menziesii,36.2078,-119.3464
"POINT (-117.4917 33.8)",Nemophila menziesii,33.8,-117.4917
"POINT (-116.8698 33.9016)",Nemophila menziesii,33.9016,-116.8698
"POINT (-117.1362 33.4667)",Nemophila menziesii,33.4667,-117.1362
"POINT (-117.4854 33.8282)",Nemophila menziesii,33.8282,-117.4854
"POINT (-118.8836 35.4347)",Nemophila menziesii,35.4347,-118.8836
"POINT (-117.6924 33.89459)",Nemophila menziesii,33.89459,-117.6924
"POINT (-116.968 34.16294)",Nemophila menziesii,34.16294,-116.968
"POINT (-118.4 35.06667)",Nemophila menziesii,35.06667,-118.4
"POINT (-117.284 33.70619)",Nemophila menziesii,33.70619,-117.284
"POINT (-116.6515 33.97288)",Nemophila menziesii,33.97288,-116.6515
"POINT (-117.2167 34.3)",Nemophila menziesii,34.3,-117.2167
"POINT (-116.43 34.17)",Nemophila menziesii,34.17,-116.43
"POINT (-119.2461 35.76889)",Nemophila menziesii,35.76889,-119.2461
"POINT (-117.3608 33.6814)",Nemophila menziesii,33.6814,-117.3608
"POINT (-117.3433 33.5028)",Nemophila menziesii,33.5028,-117.3433
"POINT (-116.867 33.47716)",Nemophila menziesii,33.47716,-116.867
"POINT (-116.6775 33.13577)",Nemophila menziesii,33.13577,-116.6775
"POINT (-117.0333 33.75)",Nemophila menziesii,33.75,-117.0333
"POINT (-117.1 34.20278)",Nemophila menziesii,34.20278,-117.1
"POINT (-119.2461 35.76889)",Nemophila menziesii,35.76889,-119.2461
"POINT (-116.8667 33.76667)",Nemophila menziesii,33.76667,-116.8667
"POINT (-117.2919 34.11307)",Nemophila menziesii,34.11307,-117.2919
"POINT (-118.4917 35.10247)",Nemophila menziesii,35.10247,-118.4917
"POINT (-117.5827 33.7486)",Nemophila menziesii,33.7486,-117.5827
"POINT (-117.3896 33.7181)",Nemophila menziesii,33.7181,-117.3896
"POINT (-116.7458 33.72957)",Nemophila menziesii,33.72957,-116.7458
"POINT (-116.2469 33.2469)",Nemophila menziesii,33.2469,-116.2469
"POINT (-116.6606 33.03111)",Nemophila menziesii,33.03111,-116.6606
"POINT (-115.5067 34.98076)",Nemophila menziesii,34.98076,-115.5067
"POINT (-116.572 33.0828)",Nemophila menziesii,33.0828,-116.572
"POINT (-116.6822 33.67525)",Nemophila menziesii,33.67525,-116.6822
"POINT (-116.7167 33.68333)",Nemophila menziesii,33.68333,-116.7167
"POINT (-117.2953 34.2325)",Nemophila menziesii,34.2325,-117.2953
"POINT (-117.3882 33.8701)",Nemophila menziesii,33.8701,-117.3882
"POINT (-116.8772 33.9248)",Nemophila menziesii,33.9248,-116.8772
"POINT (-118.7267 35.21721)",Nemophila menziesii,35.21721,-118.7267
"POINT (-120.3401 34.6633)",Nemophila menziesii,34.6633,-120.3401
"POINT (-116.7667 33.73333)",Nemophila menziesii,33.73333,-116.7667
"POINT (-117.0847 33.70731)",Nemophila menziesii,33.70731,-117.0847
"POINT (-118.4583 35.6)",Nemophila menziesii,35.6,-118.4583
"POINT (-117.0847 33.70731)",Nemophila menziesii,33.70731,-117.0847
"POINT (-117.4857 33.7757)",Nemophila menziesii,33.7757,-117.4857
"POINT (-116.8772 33.9248)",Nemophila menziesii,33.9248,-116.8772
"POINT (-117.7151 33.6089)",Nemophila menziesii,33.6089,-117.7151
"POINT (-117.3608 33.6814)",Nemophila menziesii,33.6814,-117.3608
"POINT (-120.5461 35.9789)",Nemophila menziesii,35.9789,-120.5461
"POINT (-117.1599 34.23371)",Nemophila menziesii,34.23371,-117.1599
"POINT (-116.8272 33.41694)",Nemophila menziesii,33.41694,-116.8272
"POINT (-117.4284 34.3252)",Nemophila menziesii,34.3252,-117.4284
"POINT (-117.3538 33.78939)",Nemophila menziesii,33.78939,-117.3538
"POINT (-117.2926 33.975)",Nemophila menziesii,33.975,-117.2926
"POINT (-116.6061 33.22157)",Nemophila menziesii,33.22157,-116.6061
"POINT (-117.0625 34.50565)",Nemophila menziesii,34.50565,-117.0625
"POINT (-116.5329 33.07822)",Nemophila menziesii,33.07822,-116.5329
"POINT (-116.5651 32.99264)",Nemophila menziesii,32.99264,-116.5651
"POINT (-116.5157 33.6698)",Nemophila menziesii,33.6698,-116.5157
"POINT (-117.1295 32.73409)",Nemophila menziesii,32.73409,-117.1295
"POINT (-117.0289 36.32472)",Nemophila menziesii,36.32472,-117.0289
"POINT (-118.5167 34.33333)",Nemophila menziesii,34.33333,-118.5167
"POINT (-116.959 33.6592)",Nemophila menziesii,33.6592,-116.959
"POINT (-117.0313 33.6382)",Nemophila menziesii,33.6382,-117.0313
"POINT (-117.4708 34.3443)",Nemophila menziesii,34.3443,-117.4708
"POINT (-117.8128 34.17028)",Nemophila menziesii,34.17028,-117.8128
"POINT (-116.9583 33.70833)",Nemophila menziesii,33.70833,-116.9583
"POINT (-119.9862 35.30728)",Nemophila menziesii,35.30728,-119.9862
"POINT (-117.2914 34.27056)",Nemophila menziesii,34.27056,-117.2914
"POINT (-116.9277 33.7996)",Nemophila menziesii,33.7996,-116.9277
"POINT (-116.565 33.0782)",Nemophila menziesii,33.0782,-116.565
"POINT (-119.1444 35.38361)",Nemophila menziesii,35.38361,-119.1444
"POINT (-117.6673 33.80365)",Nemophila menziesii,33.80365,-117.6673
"POINT (-116.8018 33.6401)",Nemophila menziesii,33.6401,-116.8018
"POINT (-117.3167 34.25)",Nemophila menziesii,34.25,-117.3167
"POINT (-117.3195 33.9382)",Nemophila menziesii,33.9382,-117.3195
"POINT (-117.2921 33.9456)",Nemophila menziesii,33.9456,-117.2921
"POINT (-116.6625 33.65407)",Nemophila menziesii,33.65407,-116.6625
"POINT (-116.7215 33.7312)",Nemophila menziesii,33.7312,-116.7215
"POINT (-116.503 34.14308)",Nemophila menziesii,34.14308,-116.503
"POINT (-117.3608 33.6814)",Nemophila menziesii,33.6814,-117.3608
"POINT (-117.8439 34.43262)",Nemophila menziesii,34.43262,-117.8439
"POINT (-117.5166 33.65438)",Nemophila menziesii,33.65438,-117.5166
"POINT (-116.7373 33.9217)",Nemophila menziesii,33.9217,-116.7373
"POINT (-118.6019 34.09196)",Nemophila menziesii,34.09196,-118.6019
"POINT (-117.1794 34.23544)",Nemophila menziesii,34.23544,-117.1794
"POINT (-117.1822 34.08863)",Nemophila menziesii,34.08863,-117.1822
"POINT (-117.5818 34.18467)",Nemophila menziesii,34.18467,-117.5818
"POINT (-116.6414 33.08)",Nemophila menziesii,33.08,-116.6414
"POINT (-117.9387 34.02444)",Nemophila menziesii,34.02444,-117.9387
"POINT (-117.1145 33.74367)",Nemophila menziesii,33.74367,-117.1145
"POINT (-123.0647 38.31274)",Nemophila menziesii,38.31274,-123.0647
"POINT (-122.7454 39.03859)",Nemophila menziesii,39.03859,-122.7454
"POINT (-120.7715 38.3736)",Nemophila menziesii,38.3736,-120.7715
"POINT (-119.3911 36.6782)",Nemophila menziesii,36.6782,-119.3911
"POINT (-120.021 37.482)",Nemophila menziesii,37.482,-120.021
"POINT (-120.4565 38.03857)",Nemophila menziesii,38.03857,-120.4565
"POINT (-123.0847 39.00167)",Nemophila menziesii,39.00167,-123.0847
"POINT (-122.1242 38.58883)",Nemophila menziesii,38.58883,-122.1242
"POINT (-119.9862 35.30721)",Nemophila menziesii,35.30721,-119.9862
"POINT (-122.4282 38.6151)",Nemophila menziesii,38.6151,-122.4282
"POINT (-122.4808 38.98444)",Nemophila menziesii,38.98444,-122.4808
"POINT (-122.3586 38.8625)",Nemophila menziesii,38.8625,-122.3586
"POINT (-121.3972 38.72944)",Nemophila menziesii,38.72944,-121.3972
"POINT (-122.3833 38.61667)",Nemophila menziesii,38.61667,-122.3833
"POINT (-118.0983 34.52291)",Nemophila menziesii,34.52291,-118.0983
"POINT (-117.4655 33.7627)",Nemophila menziesii,33.7627,-117.4655
"POINT (-120.4604 37.66423)",Nemophila menziesii,37.66423,-120.4604
"POINT (-121.5575 39.59825)",Nemophila menziesii,39.59825,-121.5575
"POINT (-117.2265 33.78999)",Nemophila menziesii,33.78999,-117.2265
"POINT (-122.0263 38.5017)",Nemophila menziesii,38.5017,-122.0263
"POINT (-116.6202 34.0457)",Nemophila menziesii,34.0457,-116.6202
"POINT (-118.5454 35.21239)",Nemophila menziesii,35.21239,-118.5454
"POINT (-120.021 37.482)",Nemophila menziesii,37.482,-120.021
"POINT (-120.2879 35.44042)",Nemophila menziesii,35.44042,-120.2879
"POINT (-117.3124 34.37064)",Nemophila menziesii,34.37064,-117.3124
"POINT (-117.6768 34.19374)",Nemophila menziesii,34.19374,-117.6768
"POINT (-117.2948 33.98152)",Nemophila menziesii,33.98152,-117.2948
"POINT (-119.8669 35.20747)",Nemophila menziesii,35.20747,-119.8669
"POINT (-119.6915 34.4575)",Nemophila menziesii,34.4575,-119.6915
"POINT (-119.4556 34.9712)",Nemophila menziesii,34.9712,-119.4556
"POINT (-122.4956 39.1)",Nemophila menziesii,39.1,-122.4956
"POINT (-121.8649 37.61907)",Nemophila menziesii,37.61907,-121.8649
"POINT (-121.6356 39.15685)",Nemophila menziesii,39.15685,-121.6356
"POINT (-122.2168 38.52235)",Nemophila menziesii,38.52235,-122.2168
"POINT (-121.7767 39.22833)",Nemophila menziesii,39.22833,-121.7767
"POINT (-122.7689 38.83083)",Nemophila menziesii,38.83083,-122.7689
"POINT (-122.4606 38.57833)",Nemophila menziesii,38.57833,-122.4606
"POINT (-122.6272 38.84028)",Nemophila menziesii,38.84028,-122.6272
"POINT (-122.8308 38.79944)",Nemophila menziesii,38.79944,-122.8308
"POINT (-122.9269 38.07389)",Nemophila menziesii,38.07389,-122.9269
"POINT (-122.7697 38.83833)",Nemophila menziesii,38.83833,-122.7697
"POINT (-123.0875 39.00333)",Nemophila menziesii,39.00333,-123.0875
"POINT (-118.8579 34.76691)",Nemophila menziesii,34.76691,-118.8579
"POINT (-122.2946 38.75472)",Nemophila menziesii,38.75472,-122.2946
"POINT (-116.8989 33.33027)",Nemophila menziesii,33.33027,-116.8989
"POINT (-116.5728 32.94222)",Nemophila menziesii,32.94222,-116.5728
"POINT (-116.5728 32.94222)",Nemophila menziesii,32.94222,-116.5728
"POINT (-116.4933 32.93194)",Nemophila menziesii,32.93194,-116.4933
"POINT (-116.5367 32.995)",Nemophila menziesii,32.995,-116.5367
"POINT (-116.5505 33.35175)",Nemophila menziesii,33.35175,-116.5505
"POINT (-117.8414 34.31222)",Nemophila menziesii,34.31222,-117.8414
"POINT (-117.4167 33.825)",Nemophila menziesii,33.825,-117.4167
"POINT (-116.8 33.98333)",Nemophila menziesii,33.98333,-116.8
"POINT (-116.5958 33.57944)",Nemophila menziesii,33.57944,-116.5958
"POINT (-117.05 33.48333)",Nemophila menziesii,33.48333,-117.05
"POINT (-116.5275 33.56833)",Nemophila menziesii,33.56833,-116.5275
"POINT (-117.355 33.80361)",Nemophila menziesii,33.80361,-117.355
"POINT (-117.325 33.96667)",Nemophila menziesii,33.96667,-117.325
"POINT (-116.985 34.01167)",Nemophila menziesii,34.01167,-116.985
"POINT (-117.4733 34.23278)",Nemophila menziesii,34.23278,-117.4733
"POINT (-117.2633 34.24333)",Nemophila menziesii,34.24333,-117.2633
"POINT (-120.335 35.45889)",Nemophila menziesii,35.45889,-120.335
"POINT (-120.2842 35.26389)",Nemophila menziesii,35.26389,-120.2842
"POINT (-119.9567 34.57806)",Nemophila menziesii,34.57806,-119.9567
"POINT (-119.3536 36.96722)",Nemophila menziesii,36.96722,-119.3536
"POINT (-118.1217 34.32861)",Nemophila menziesii,34.32861,-118.1217
"POINT (-116.6917 33.89167)",Nemophila menziesii,33.89167,-116.6917
"POINT (-117.4561 33.75083)",Nemophila menziesii,33.75083,-117.4561
"POINT (-117.355 33.80361)",Nemophila menziesii,33.80361,-117.355
"POINT (-116.9833 34.025)",Nemophila menziesii,34.025,-116.9833
"POINT (-117.2167 34.3)",Nemophila menziesii,34.3,-117.2167
"POINT (-117.2764 34.34639)",Nemophila menziesii,34.34639,-117.2764
"POINT (-116.4317 34.18611)",Nemophila menziesii,34.18611,-116.4317
"POINT (-119.4558 34.97139)",Nemophila menziesii,34.97139,-119.4558
"POINT (-122.43 39.15)",Nemophila menziesii,39.15,-122.43
"POINT (-118.6333 34.78567)",Nemophila menziesii,34.78567,-118.6333
"POINT (-116.9583 34.09167)",Nemophila menziesii,34.09167,-116.9583
"POINT (-117.3222 33.96667)",Nemophila menziesii,33.96667,-117.3222
"POINT (-119.1193 34.9355)",Nemophila menziesii,34.9355,-119.1193
"POINT (-120.1067 35.38)",Nemophila menziesii,35.38,-120.1067
"POINT (-119.7717 35.14667)",Nemophila menziesii,35.14667,-119.7717
"POINT (-117.0233 33.59)",Nemophila menziesii,33.59,-117.0233
"POINT (-121.8883 36.42417)",Nemophila menziesii,36.42417,-121.8883
"POINT (-118.5167 34.33333)",Nemophila menziesii,34.33333,-118.5167
"POINT (-118.5317 34.42111)",Nemophila menziesii,34.42111,-118.5317
"POINT (-116.8583 33.98333)",Nemophila menziesii,33.98333,-116.8583
"POINT (-116.6667 33.9)",Nemophila menziesii,33.9,-116.6667
"POINT (-117.1803 33.93222)",Nemophila menziesii,33.93222,-117.1803
"POINT (-117.25 33.625)",Nemophila menziesii,33.625,-117.25
"POINT (-117.4417 33.74167)",Nemophila menziesii,33.74167,-117.4417
"POINT (-117.1042 33.71667)",Nemophila menziesii,33.71667,-117.1042
"POINT (-117.1 33.8)",Nemophila menziesii,33.8,-117.1
"POINT (-117.2917 33.975)",Nemophila menziesii,33.975,-117.2917
"POINT (-117.5369 34.17611)",Nemophila menziesii,34.17611,-117.5369
"POINT (-117.4039 34.28444)",Nemophila menziesii,34.28444,-117.4039
"POINT (-117.4228 34.31917)",Nemophila menziesii,34.31917,-117.4228
"POINT (-117.3178 34.24778)",Nemophila menziesii,34.24778,-117.3178
"POINT (-117.4228 34.31917)",Nemophila menziesii,34.31917,-117.4228
"POINT (-117.4403 34.03917)",Nemophila menziesii,34.03917,-117.4403
"POINT (-117.4514 34.42167)",Nemophila menziesii,34.42167,-117.4514
"POINT (-116.8 33.96667)",Nemophila menziesii,33.96667,-116.8
"POINT (-121.4853 36.23181)",Nemophila menziesii,36.23181,-121.4853
"POINT (-117.2833 33.96)",Nemophila menziesii,33.96,-117.2833
"POINT (-117.0858 33.80944)",Nemophila menziesii,33.80944,-117.0858
"POINT (-117.45 34.37472)",Nemophila menziesii,34.37472,-117.45
"POINT (-117.0333 33.69167)",Nemophila menziesii,33.69167,-117.0333
"POINT (-116.9667 33.7)",Nemophila menziesii,33.7,-116.9667
"POINT (-117.1239 33.52528)",Nemophila menziesii,33.52528,-117.1239
"POINT (-117.342 34.032)",Nemophila menziesii,34.032,-117.342
"POINT (-117.3039 34.02639)",Nemophila menziesii,34.02639,-117.3039
"POINT (-117.0417 33.60833)",Nemophila menziesii,33.60833,-117.0417
"POINT (-117.115 34.04444)",Nemophila menziesii,34.04444,-117.115
"POINT (-116.7081 33.69056)",Nemophila menziesii,33.69056,-116.7081
"POINT (-116.6636 33.68667)",Nemophila menziesii,33.68667,-116.6636
"POINT (-116.4558 34.14917)",Nemophila menziesii,34.14917,-116.4558
"POINT (-117.0583 34.37667)",Nemophila menziesii,34.37667,-117.0583
"POINT (-116.7519 33.9625)",Nemophila menziesii,33.9625,-116.7519
"POINT (-118.3881 35.06056)",Nemophila menziesii,35.06056,-118.3881
"POINT (-123.0847 39.00167)",Nemophila menziesii,39.00167,-123.0847
"POINT (-118.3303 35.6575)",Nemophila menziesii,35.6575,-118.3303
"POINT (-119.3053 34.35278)",Nemophila menziesii,34.35278,-119.3053
"POINT (-123.5585 40.78878)",Nemophila menziesii,40.78878,-123.5585
"POINT (-122.0867 37.75361)",Nemophila menziesii,37.75361,-122.0867
"POINT (-118.5411 35.2)",Nemophila menziesii,35.2,-118.5411
"POINT (-116.4528 34.13917)",Nemophila menziesii,34.13917,-116.4528
"POINT (-116.6417 33.27083)",Nemophila menziesii,33.27083,-116.6417
"POINT (-117.6722 34.175)",Nemophila menziesii,34.175,-117.6722
"POINT (-116.6606 33.03111)",Nemophila menziesii,33.03111,-116.6606
"POINT (-116.4522 34.14472)",Nemophila menziesii,34.14472,-116.4522
"POINT (-116.8261 33.59278)",Nemophila menziesii,33.59278,-116.8261
"POINT (-116.7936 33.89778)",Nemophila menziesii,33.89778,-116.7936
"POINT (-116.7417 33.60833)",Nemophila menziesii,33.60833,-116.7417
"POINT (-116.8923 34.02375)",Nemophila menziesii,34.02375,-116.8923
"POINT (-117.0673 33.51103)",Nemophila menziesii,33.51103,-117.0673
"POINT (-118.1464 34.21611)",Nemophila menziesii,34.21611,-118.1464
"POINT (-118.1464 34.21611)",Nemophila menziesii,34.21611,-118.1464
"POINT (-117.2914 34.27056)",Nemophila menziesii,34.27056,-117.2914
"POINT (-117.0167 33.6)",Nemophila menziesii,33.6,-117.0167
"POINT (-117.2942 34.27194)",Nemophila menziesii,34.27194,-117.2942
"POINT (-117.5833 33.53333)",Nemophila menziesii,33.53333,-117.5833
"POINT (-116.8606 33.97222)",Nemophila menziesii,33.97222,-116.8606
"POINT (-116.83 33.99722)",Nemophila menziesii,33.99722,-116.83
"POINT (-116.7806 33.98528)",Nemophila menziesii,33.98528,-116.7806
"POINT (-117.6058 34.40639)",Nemophila menziesii,34.40639,-117.6058
"POINT (-117.4758 34.25694)",Nemophila menziesii,34.25694,-117.4758
"POINT (-117.4803 34.29972)",Nemophila menziesii,34.29972,-117.4803
"POINT (-117.4803 34.29972)",Nemophila menziesii,34.29972,-117.4803
"POINT (-117.6653 34.20722)",Nemophila menziesii,34.20722,-117.6653
"POINT (-117.4803 34.29972)",Nemophila menziesii,34.29972,-117.4803
"POINT (-117.5458 34.19556)",Nemophila menziesii,34.19556,-117.5458
"POINT (-117.5425 34.19222)",Nemophila menziesii,34.19222,-117.5425
"POINT (-117.7144 34.42333)",Nemophila menziesii,34.42333,-117.7144
"POINT (-118.8189 34.84194)",Nemophila menziesii,34.84194,-118.8189
"POINT (-118.7492 34.80417)",Nemophila menziesii,34.80417,-118.7492
"POINT (-118.7847 34.81417)",Nemophila menziesii,34.81417,-118.7847
"POINT (-118.6759 34.8675)",Nemophila menziesii,34.8675,-118.6759
"POINT (-118.6783 34.77028)",Nemophila menziesii,34.77028,-118.6783
"POINT (-118.7375 34.78889)",Nemophila menziesii,34.78889,-118.7375
"POINT (-118.7583 34.79944)",Nemophila menziesii,34.79944,-118.7583
"POINT (-117.7167 34.43333)",Nemophila menziesii,34.43333,-117.7167
"POINT (-117.7303 34.19333)",Nemophila menziesii,34.19333,-117.7303
"POINT (-117.4958 34.30139)",Nemophila menziesii,34.30139,-117.4958
"POINT (-117.8114 34.45167)",Nemophila menziesii,34.45167,-117.8114
"POINT (-117.8069 34.45306)",Nemophila menziesii,34.45306,-117.8069
"POINT (-118.6167 34.77222)",Nemophila menziesii,34.77222,-118.6167
"POINT (-118.6083 34.76667)",Nemophila menziesii,34.76667,-118.6083
"POINT (-117.7167 34.19583)",Nemophila menziesii,34.19583,-117.7167
"POINT (-116.6902 33.71168)",Nemophila menziesii,33.71168,-116.6902
"POINT (-117.4386 34.31417)",Nemophila menziesii,34.31417,-117.4386
"POINT (-117.8128 34.17028)",Nemophila menziesii,34.17028,-117.8128
"POINT (-117.3194 33.96667)",Nemophila menziesii,33.96667,-117.3194
"POINT (-118.6953 34.84278)",Nemophila menziesii,34.84278,-118.6953
"POINT (-117.4108 33.73444)",Nemophila menziesii,33.73444,-117.4108
"POINT (-117.3942 33.74306)",Nemophila menziesii,33.74306,-117.3942
"POINT (-116.8667 33.76667)",Nemophila menziesii,33.76667,-116.8667
"POINT (-118.6403 34.91889)",Nemophila menziesii,34.91889,-118.6403
"POINT (-118.6317 34.91)",Nemophila menziesii,34.91,-118.6317
"POINT (-118.8319 34.81389)",Nemophila menziesii,34.81389,-118.8319
"POINT (-118.7004 34.84622)",Nemophila menziesii,34.84622,-118.7004
"POINT (-118.6523 34.88731)",Nemophila menziesii,34.88731,-118.6523
"POINT (-117.3889 33.73889)",Nemophila menziesii,33.73889,-117.3889
"POINT (-117.2356 33.73644)",Nemophila menziesii,33.73644,-117.2356
"POINT (-115.509 34.59158)",Nemophila menziesii,34.59158,-115.509
"POINT (-117.4664 33.76306)",Nemophila menziesii,33.76306,-117.4664
"POINT (-119.9862 35.30728)",Nemophila menziesii,35.30728,-119.9862
"POINT (-117.4388 34.31102)",Nemophila menziesii,34.31102,-117.4388
"POINT (-117.4086 34.18278)",Nemophila menziesii,34.18278,-117.4086
"POINT (-116.8277 33.99253)",Nemophila menziesii,33.99253,-116.8277
"POINT (-116.8697 33.98592)",Nemophila menziesii,33.98592,-116.8697
"POINT (-117.4196 33.73335)",Nemophila menziesii,33.73335,-117.4196
"POINT (-117.1419 33.59833)",Nemophila menziesii,33.59833,-117.1419
"POINT (-117.4625 33.76111)",Nemophila menziesii,33.76111,-117.4625
"POINT (-117.2225 33.64194)",Nemophila menziesii,33.64194,-117.2225
"POINT (-117.3645 33.8983)",Nemophila menziesii,33.8983,-117.3645
"POINT (-116.7458 33.72958)",Nemophila menziesii,33.72958,-116.7458
"POINT (-117.3504 33.35719)",Nemophila menziesii,33.35719,-117.3504
"POINT (-118.6911 34.88981)",Nemophila menziesii,34.88981,-118.6911
"POINT (-122.4606 38.57833)",Nemophila menziesii,38.57833,-122.4606
"POINT (-118.0939 34.41806)",Nemophila menziesii,34.41806,-118.0939
"POINT (-118.5748 35.12489)",Nemophila menziesii,35.12489,-118.5748
"POINT (-118.5546 35.13411)",Nemophila menziesii,35.13411,-118.5546
"POINT (-118.6986 34.7955)",Nemophila menziesii,34.7955,-118.6986
"POINT (-118.9514 34.88889)",Nemophila menziesii,34.88889,-118.9514
"POINT (-118.9468 34.88231)",Nemophila menziesii,34.88231,-118.9468
"POINT (-122.7705 39.13635)",Nemophila menziesii,39.13635,-122.7705
"POINT (-123.4525 40.79023)",Nemophila menziesii,40.79023,-123.4525
"POINT (-123.6821 40.4433)",Nemophila menziesii,40.4433,-123.6821
"POINT (-123.5721 40.43664)",Nemophila menziesii,40.43664,-123.5721
"POINT (-123.5519 40.88134)",Nemophila menziesii,40.88134,-123.5519
"POINT (-123.7576 40.89103)",Nemophila menziesii,40.89103,-123.7576
"POINT (-123.7301 40.86438)",Nemophila menziesii,40.86438,-123.7301
"POINT (-117.4947 33.7854)",Nemophila menziesii,33.7854,-117.4947
"POINT (-122.3422 38.52891)",Nemophila menziesii,38.52891,-122.3422
"POINT (-122.9099 39.13785)",Nemophila menziesii,39.13785,-122.9099
"POINT (-122.6051 38.70028)",Nemophila menziesii,38.70028,-122.6051
"POINT (-122.7293 39.17579)",Nemophila menziesii,39.17579,-122.7293
"POINT (-120.6775 35.48832)",Nemophila menziesii,35.48832,-120.6775
"POINT (-119.7712 34.557)",Nemophila menziesii,34.557,-119.7712
"POINT (-121.7535 36.5843)",Nemophila menziesii,36.5843,-121.7535
"POINT (-123.055 38.53623)",Nemophila menziesii,38.53623,-123.055
"POINT (-123.468 40.8581)",Nemophila menziesii,40.8581,-123.468
"POINT (-123.6942 38.99045)",Nemophila menziesii,38.99045,-123.6942
"POINT (-123.2041 38.89081)",Nemophila menziesii,38.89081,-123.2041
"POINT (-123.4799 40.8499)",Nemophila menziesii,40.8499,-123.4799
"POINT (-123.5379 40.83068)",Nemophila menziesii,40.83068,-123.5379
"POINT (-123.4799 40.8499)",Nemophila menziesii,40.8499,-123.4799
"POINT (-122.5505 39.13227)",Nemophila menziesii,39.13227,-122.5505
"POINT (-123.1834 39.63445)",Nemophila menziesii,39.63445,-123.1834
"POINT (-123.1834 39.63445)",Nemophila menziesii,39.63445,-123.1834
"POINT (-122.7494 38.84225)",Nemophila menziesii,38.84225,-122.7494
"POINT (-122.6446 38.6025)",Nemophila menziesii,38.6025,-122.6446
"POINT (-123.6171 40.51557)",Nemophila menziesii,40.51557,-123.6171
"POINT (-123.0093 39.04632)",Nemophila menziesii,39.04632,-123.0093
"POINT (-123.48 40.84577)",Nemophila menziesii,40.84577,-123.48
"POINT (-122.9822 39.04159)",Nemophila menziesii,39.04159,-122.9822
"POINT (-122.7494 38.84225)",Nemophila menziesii,38.84225,-122.7494
"POINT (-123.6303 39.7415)",Nemophila menziesii,39.7415,-123.6303
"POINT (-123.8928 41.14792)",Nemophila menziesii,41.14792,-123.8928
"POINT (-122.9822 39.04159)",Nemophila menziesii,39.04159,-122.9822
"POINT (-122.4213 38.87319)",Nemophila menziesii,38.87319,-122.4213
"POINT (-121.322 35.97203)",Nemophila menziesii,35.97203,-121.322
"POINT (-122.9583 39.16407)",Nemophila menziesii,39.16407,-122.9583
"POINT (-123.6414 41.0248)",Nemophila menziesii,41.0248,-123.6414
"POINT (-123.8021 39.44548)",Nemophila menziesii,39.44548,-123.8021
"POINT (-123.3857 40.33411)",Nemophila menziesii,40.33411,-123.3857
"POINT (-123.4849 40.84968)",Nemophila menziesii,40.84968,-123.4849
"POINT (-120.6191 35.1844)",Nemophila menziesii,35.1844,-120.6191
"POINT (-122.4956 39.1)",Nemophila menziesii,39.1,-122.4956
"POINT (-123.6171 40.50869)",Nemophila menziesii,40.50869,-123.6171
"POINT (-123.3772 40.17083)",Nemophila menziesii,40.17083,-123.3772
"POINT (-123.6667 40.91222)",Nemophila menziesii,40.91222,-123.6667
"POINT (-123.5508 40.76891)",Nemophila menziesii,40.76891,-123.5508
"POINT (-117.607 33.7969)",Nemophila menziesii,33.7969,-117.607
"POINT (-119.7358 37.10917)",Nemophila menziesii,37.10917,-119.7358
"POINT (-116.9701 34.16824)",Nemophila menziesii,34.16824,-116.9701
"POINT (-120.289 35.26066)",Nemophila menziesii,35.26066,-120.289
"POINT (-121.7328 36.24016)",Nemophila menziesii,36.24016,-121.7328
"POINT (-119.6727 37.54486)",Nemophila menziesii,37.54486,-119.6727
"POINT (-116.9701 34.16824)",Nemophila menziesii,34.16824,-116.9701
"POINT (-119.9846 34.74348)",Nemophila menziesii,34.74348,-119.9846
"POINT (-120.3117 37.81444)",Nemophila menziesii,37.81444,-120.3117
"POINT (-121.5442 36.36639)",Nemophila menziesii,36.36639,-121.5442
"POINT (-121.7028 39.72917)",Nemophila menziesii,39.72917,-121.7028
"POINT (-121.7039 39.72889)",Nemophila menziesii,39.72889,-121.7039
"POINT (-120.2008 37.70778)",Nemophila menziesii,37.70778,-120.2008
"POINT (-118.8644 34.33806)",Nemophila menziesii,34.33806,-118.8644
"POINT (-122.1264 40.53278)",Nemophila menziesii,40.53278,-122.1264
"POINT (-120.0033 37.40056)",Nemophila menziesii,37.40056,-120.0033
"POINT (-121.9169 39.89944)",Nemophila menziesii,39.89944,-121.9169
"POINT (-122.2564 40.16306)",Nemophila menziesii,40.16306,-122.2564
"POINT (-122.3667 39.01167)",Nemophila menziesii,39.01167,-122.3667
"POINT (-122.6378 38.9075)",Nemophila menziesii,38.9075,-122.6378
"POINT (-122.7922 38.9425)",Nemophila menziesii,38.9425,-122.7922
"POINT (-122.4536 39.0225)",Nemophila menziesii,39.0225,-122.4536
"POINT (-123.4894 39.71639)",Nemophila menziesii,39.71639,-123.4894
"POINT (-122.5733 39.85306)",Nemophila menziesii,39.85306,-122.5733
"POINT (-121.3803 39.55056)",Nemophila menziesii,39.55056,-121.3803
"POINT (-121.9189 39.89194)",Nemophila menziesii,39.89194,-121.9189
"POINT (-122.5222 40.18389)",Nemophila menziesii,40.18389,-122.5222
"POINT (-121.2919 38.89167)",Nemophila menziesii,38.89167,-121.2919
"POINT (-121.3619 39.39583)",Nemophila menziesii,39.39583,-121.3619
"POINT (-121.8131 39.26639)",Nemophila menziesii,39.26639,-121.8131
"POINT (-122.4956 39.1)",Nemophila menziesii,39.1,-122.4956
"POINT (-117.0014 34.01472)",Nemophila menziesii,34.01472,-117.0014
"POINT (-122.6461 38.05278)",Nemophila menziesii,38.05278,-122.6461
"POINT (-122.4803 38.34278)",Nemophila menziesii,38.34278,-122.4803
"POINT (-122.5111 39.42806)",Nemophila menziesii,39.42806,-122.5111
"POINT (-121.3861 39.44694)",Nemophila menziesii,39.44694,-121.3861
"POINT (-121.8106 39.83056)",Nemophila menziesii,39.83056,-121.8106
"POINT (-121.795 39.19889)",Nemophila menziesii,39.19889,-121.795
"POINT (-120.3917 38.17667)",Nemophila menziesii,38.17667,-120.3917
"POINT (-123.3703 39.23389)",Nemophila menziesii,39.23389,-123.3703
"POINT (-122.1869 38.55611)",Nemophila menziesii,38.55611,-122.1869
"POINT (-120.0078 37.39306)",Nemophila menziesii,37.39306,-120.0078
"POINT (-117.0828 33.70861)",Nemophila menziesii,33.70861,-117.0828
"POINT (-121.8342 39.73278)",Nemophila menziesii,39.73278,-121.8342
"POINT (-121.5842 39.655)",Nemophila menziesii,39.655,-121.5842
"POINT (-121.265 39.20444)",Nemophila menziesii,39.20444,-121.265
"POINT (-122.5617 39.61056)",Nemophila menziesii,39.61056,-122.5617
"POINT (-122.1286 39.91)",Nemophila menziesii,39.91,-122.1286
"POINT (-122.6922 39.03639)",Nemophila menziesii,39.03639,-122.6922
"POINT (-122.5603 38.36333)",Nemophila menziesii,38.36333,-122.5603
"POINT (-122.7933 38.94306)",Nemophila menziesii,38.94306,-122.7933
"POINT (-122.7922 38.9425)",Nemophila menziesii,38.9425,-122.7922
"POINT (-122.7922 38.9425)",Nemophila menziesii,38.9425,-122.7922
"POINT (-122.7922 38.9425)",Nemophila menziesii,38.9425,-122.7922
"POINT (-122.7814 39.05583)",Nemophila menziesii,39.05583,-122.7814
"POINT (-121.9775 40.40111)",Nemophila menziesii,40.40111,-121.9775
"POINT (-123.3072 38.93222)",Nemophila menziesii,38.93222,-123.3072
"POINT (-123.2928 38.54333)",Nemophila menziesii,38.54333,-123.2928
"POINT (-121.8942 39.88056)",Nemophila menziesii,39.88056,-121.8942
"POINT (-121.4833 36.71556)",Nemophila menziesii,36.71556,-121.4833
"POINT (-122.5 39.48028)",Nemophila menziesii,39.48028,-122.5
"POINT (-122.3644 39.01167)",Nemophila menziesii,39.01167,-122.3644
"POINT (-117.9253 33.87029)",Nemophila menziesii,33.87029,-117.9253
"POINT (-117.5848 33.65823)",Nemophila menziesii,33.65823,-117.5848
"POINT (-116.6933 33.68353)",Nemophila menziesii,33.68353,-116.6933
"POINT (-117.6099 33.8367)",Nemophila menziesii,33.8367,-117.6099
"POINT (-116.7049 33.68796)",Nemophila menziesii,33.68796,-116.7049
"POINT (-116.6933 33.68353)",Nemophila menziesii,33.68353,-116.6933
"POINT (-116.6933 33.68353)",Nemophila menziesii,33.68353,-116.6933
"POINT (-116.6933 33.68353)",Nemophila menziesii,33.68353,-116.6933
"POINT (-116.6933 33.68353)",Nemophila menziesii,33.68353,-116.6933
"POINT (-117.4664 33.76306)",Nemophila menziesii,33.76306,-117.4664
"POINT (-122.6119 37.96519)",Nemophila menziesii,37.96519,-122.6119
"POINT (-122.6242 37.96388)",Nemophila menziesii,37.96388,-122.6242
"POINT (-120.4495 36.3135)",Nemophila menziesii,36.3135,-120.4495
"POINT (-120.4495 36.3135)",Nemophila menziesii,36.3135,-120.4495
"POINT (-120.4493 36.31802)",Nemophila menziesii,36.31802,-120.4493
"POINT (-122.125 37.13333)",Nemophila menziesii,37.13333,-122.125
"POINT (-117.0233 33.59)",Nemophila menziesii,33.59,-117.0233
"POINT (-117.2914 34.27056)",Nemophila menziesii,34.27056,-117.2914
"POINT (-117.2356 33.73644)",Nemophila menziesii,33.73644,-117.2356
"POINT (-118.4583 35.6)",Nemophila menziesii,35.6,-118.4583
"POINT (-116.8361 33.36337)",Nemophila menziesii,33.36337,-116.8361
"POINT (-122.493 37.71803)",Nemophila menziesii,37.71803,-122.493
"POINT (-123.0797 38.98902)",Nemophila menziesii,38.98902,-123.0797
"POINT (-119.6413 37.52776)",Nemophila menziesii,37.52776,-119.6413
"POINT (-119.6563 37.5381)",Nemophila menziesii,37.5381,-119.6563
"POINT (-117.0972 34.0975)",Nemophila menziesii,34.0975,-117.0972
"POINT (-117.347 33.9669)",Nemophila menziesii,33.9669,-117.347
"POINT (-119.0753 35.4345)",Nemophila menziesii,35.4345,-119.0753
"POINT (-116.5704 33.5615)",Nemophila menziesii,33.5615,-116.5704
"POINT (-117.2899 33.9761)",Nemophila menziesii,33.9761,-117.2899
"POINT (-117.2567 34.0076)",Nemophila menziesii,34.0076,-117.2567
"POINT (-117.2317 33.9996)",Nemophila menziesii,33.9996,-117.2317
"POINT (-117.2567 34.0076)",Nemophila menziesii,34.0076,-117.2567
"POINT (-117.4575 34.03556)",Nemophila menziesii,34.03556,-117.4575
"POINT (-117.4626 34.31168)",Nemophila menziesii,34.31168,-117.4626
"POINT (-121.5556 37.65059)",Nemophila menziesii,37.65059,-121.5556
"POINT (-120.2759 37.9372)",Nemophila menziesii,37.9372,-120.2759
"POINT (-119.5947 37.74591)",Nemophila menziesii,37.74591,-119.5947
"POINT (-119.3456 36.20789)",Nemophila menziesii,36.20789,-119.3456
"POINT (-120.0078 37.39306)",Nemophila menziesii,37.39306,-120.0078
"POINT (-119.6514 37.545)",Nemophila menziesii,37.545,-119.6514
"POINT (-120.0587 37.3962)",Nemophila menziesii,37.3962,-120.0587
"POINT (-119.3456 36.20789)",Nemophila menziesii,36.20789,-119.3456
"POINT (-119.7713 37.12101)",Nemophila menziesii,37.12101,-119.7713
"POINT (-119.0038 36.69532)",Nemophila menziesii,36.69532,-119.0038
"POINT (-118.8164 36.49682)",Nemophila menziesii,36.49682,-118.8164
"POINT (-120.0923 37.4291)",Nemophila menziesii,37.4291,-120.0923
"POINT (-119.5476 37.31176)",Nemophila menziesii,37.31176,-119.5476
"POINT (-120.3792 37.7178)",Nemophila menziesii,37.7178,-120.3792
"POINT (-116.9604 33.7883)",Nemophila menziesii,33.7883,-116.9604
"POINT (-120.4625 37.66361)",Nemophila menziesii,37.66361,-120.4625
"POINT (-120.4093 37.1189)",Nemophila menziesii,37.1189,-120.4093
"POINT (-120.2832 37.91289)",Nemophila menziesii,37.91289,-120.2832
"POINT (-118.9167 36.46978)",Nemophila menziesii,36.46978,-118.9167
"POINT (-120.4093 37.1189)",Nemophila menziesii,37.1189,-120.4093
"POINT (-119.6931 37.26346)",Nemophila menziesii,37.26346,-119.6931
"POINT (-120.4703 37.97222)",Nemophila menziesii,37.97222,-120.4703
"POINT (-118.4386 34.3594)",Nemophila menziesii,34.3594,-118.4386
"POINT (-121.4268 37.74527)",Nemophila menziesii,37.74527,-121.4268
"POINT (-118.424 35.75524)",Nemophila menziesii,35.75524,-118.424
"POINT (-120.4093 37.1189)",Nemophila menziesii,37.1189,-120.4093
"POINT (-119.4031 37.00959)",Nemophila menziesii,37.00959,-119.4031
"POINT (-120.0769 37.4107)",Nemophila menziesii,37.4107,-120.0769
"POINT (-120.5485 35.98567)",Nemophila menziesii,35.98567,-120.5485
"POINT (-120.2551 37.88392)",Nemophila menziesii,37.88392,-120.2551
"POINT (-120.525 37.83528)",Nemophila menziesii,37.83528,-120.525
"POINT (-120.525 37.83528)",Nemophila menziesii,37.83528,-120.525
"POINT (-119.7463 36.98643)",Nemophila menziesii,36.98643,-119.7463
"POINT (-119.6931 37.26346)",Nemophila menziesii,37.26346,-119.6931
"POINT (-121.6833 39.6058)",Nemophila menziesii,39.6058,-121.6833
"POINT (-119.1508 35.49021)",Nemophila menziesii,35.49021,-119.1508
"POINT (-120.2943 37.70097)",Nemophila menziesii,37.70097,-120.2943
"POINT (-120.2298 35.9856)",Nemophila menziesii,35.9856,-120.2298
"POINT (-120.5144 37.8076)",Nemophila menziesii,37.8076,-120.5144
"POINT (-119.1694 36.75444)",Nemophila menziesii,36.75444,-119.1694
"POINT (-120.4577 36.08272)",Nemophila menziesii,36.08272,-120.4577
"POINT (-122.5439 37.90611)",Nemophila menziesii,37.90611,-122.5439
"POINT (-122.2904 38.3801)",Nemophila menziesii,38.3801,-122.2904
"POINT (-122.0078 39.00663)",Nemophila menziesii,39.00663,-122.0078
"POINT (-121.4346 38.56964)",Nemophila menziesii,38.56964,-121.4346
"POINT (-120.6756 35.63068)",Nemophila menziesii,35.63068,-120.6756
"POINT (-117.1982 34.316)",Nemophila menziesii,34.316,-117.1982
"POINT (-122.2341 37.86369)",Nemophila menziesii,37.86369,-122.2341
"POINT (-120.8251 36.50766)",Nemophila menziesii,36.50766,-120.8251
"POINT (-123.2159 39.31303)",Nemophila menziesii,39.31303,-123.2159
"POINT (-121.9519 37.90034)",Nemophila menziesii,37.90034,-121.9519
"POINT (-121.8753 37.26333)",Nemophila menziesii,37.26333,-121.8753
"POINT (-122.4308 37.86278)",Nemophila menziesii,37.86278,-122.4308
"POINT (-118.2367 34.07944)",Nemophila menziesii,34.07944,-118.2367
"POINT (-122.1456 37.94306)",Nemophila menziesii,37.94306,-122.1456
"POINT (-116.9091 33.55012)",Nemophila menziesii,33.55012,-116.9091
"POINT (-118.5443 34.7257)",Nemophila menziesii,34.7257,-118.5443
"POINT (-122.5439 37.94889)",Nemophila menziesii,37.94889,-122.5439
"POINT (-122.2697 37.80444)",Nemophila menziesii,37.80444,-122.2697
"POINT (-123.2067 39.15028)",Nemophila menziesii,39.15028,-123.2067
"POINT (-118.586 35.33109)",Nemophila menziesii,35.33109,-118.586
"POINT (-120.0327 35.0238)",Nemophila menziesii,35.0238,-120.0327
"POINT (-117.3124 34.37064)",Nemophila menziesii,34.37064,-117.3124
"POINT (-124.1946 41.74951)",Nemophila menziesii,41.74951,-124.1946
"POINT (-122.0743 37.74299)",Nemophila menziesii,37.74299,-122.0743
"POINT (-118.8567 36.47714)",Nemophila menziesii,36.47714,-118.8567
"POINT (-116.6653 33.24254)",Nemophila menziesii,33.24254,-116.6653
"POINT (-119.4982 37.13032)",Nemophila menziesii,37.13032,-119.4982
"POINT (-119.6822 34.9374)",Nemophila menziesii,34.9374,-119.6822
"POINT (-122.9727 38.34571)",Nemophila menziesii,38.34571,-122.9727
"POINT (-123.797 40.0899)",Nemophila menziesii,40.0899,-123.797
"POINT (-122.0535 37.20938)",Nemophila menziesii,37.20938,-122.0535
"POINT (-118.8836 35.4347)",Nemophila menziesii,35.4347,-118.8836
"POINT (-122.4007 38.5885)",Nemophila menziesii,38.5885,-122.4007
"POINT (-122.4913 37.7198)",Nemophila menziesii,37.7198,-122.4913
"POINT (-121.5594 36.3714)",Nemophila menziesii,36.3714,-121.5594
"POINT (-116.5233 33.1758)",Nemophila menziesii,33.1758,-116.5233
"POINT (-122.7734 38.54038)",Nemophila menziesii,38.54038,-122.7734
"POINT (-118.5155 35.19018)",Nemophila menziesii,35.19018,-118.5155
"POINT (-117.3882 33.8701)",Nemophila menziesii,33.8701,-117.3882
"POINT (-123.2425 38.51417)",Nemophila menziesii,38.51417,-123.2425
"POINT (-121.0047 36.68138)",Nemophila menziesii,36.68138,-121.0047
"POINT (-123.226 40.1657)",Nemophila menziesii,40.1657,-123.226
"POINT (-122.4785 38.71233)",Nemophila menziesii,38.71233,-122.4785
"POINT (-116.8208 33.37773)",Nemophila menziesii,33.37773,-116.8208
"POINT (-116.7118 33.7327)",Nemophila menziesii,33.7327,-116.7118
"POINT (-121.907 37.57904)",Nemophila menziesii,37.57904,-121.907
"POINT (-121.7344 39.2011)",Nemophila menziesii,39.2011,-121.7344
"POINT (-118.3707 34.22054)",Nemophila menziesii,34.22054,-118.3707
"POINT (-121.6406 37.34238)",Nemophila menziesii,37.34238,-121.6406
"POINT (-120.6723 36.40325)",Nemophila menziesii,36.40325,-120.6723
"POINT (-121.679 37.86474)",Nemophila menziesii,37.86474,-121.679
"POINT (-120.4217 37.95333)",Nemophila menziesii,37.95333,-120.4217
"POINT (-120.8033 35.7981)",Nemophila menziesii,35.7981,-120.8033
"POINT (-120.7133 37.96648)",Nemophila menziesii,37.96648,-120.7133
"POINT (-117.6836 34.16607)",Nemophila menziesii,34.16607,-117.6836
"POINT (-122.2378 37.87353)",Nemophila menziesii,37.87353,-122.2378
"POINT (-122.2378 37.87353)",Nemophila menziesii,37.87353,-122.2378
"POINT (-121.9178 36.519)",Nemophila menziesii,36.519,-121.9178
"POINT (-117.3608 33.70889)",Nemophila menziesii,33.70889,-117.3608
"POINT (-119.7713 37.12101)",Nemophila menziesii,37.12101,-119.7713
"POINT (-116.523 33.1125)",Nemophila menziesii,33.1125,-116.523
"POINT (-120.691 35.1874)",Nemophila menziesii,35.1874,-120.691
"POINT (-118.3081 34.62475)",Nemophila menziesii,34.62475,-118.3081
"POINT (-121.7889 38.01524)",Nemophila menziesii,38.01524,-121.7889
"POINT (-120.6723 36.40325)",Nemophila menziesii,36.40325,-120.6723
"POINT (-116.7118 33.7327)",Nemophila menziesii,33.7327,-116.7118
"POINT (-119.5052 37.1484)",Nemophila menziesii,37.1484,-119.5052
"POINT (-117.3205 34.4173)",Nemophila menziesii,34.4173,-117.3205
"POINT (-123.2056 39.14479)",Nemophila menziesii,39.14479,-123.2056
"POINT (-121.6394 36.88841)",Nemophila menziesii,36.88841,-121.6394
"POINT (-121.6988 37.4211)",Nemophila menziesii,37.4211,-121.6988
"POINT (-122.2375 37.88306)",Nemophila menziesii,37.88306,-122.2375
"POINT (-117.0847 33.74)",Nemophila menziesii,33.74,-117.0847
"POINT (-118.957 36.704)",Nemophila menziesii,36.704,-118.957
"POINT (-122.25 37.08333)",Nemophila menziesii,37.08333,-122.25
"POINT (-115.683 34.77)",Nemophila menziesii,34.77,-115.683
"POINT (-122.2717 37.8931)",Nemophila menziesii,37.8931,-122.2717
"POINT (-119.1022 35.80927)",Nemophila menziesii,35.80927,-119.1022
"POINT (-119.7405 35.14459)",Nemophila menziesii,35.14459,-119.7405
"POINT (-121.9049 37.42777)",Nemophila menziesii,37.42777,-121.9049
"POINT (-121.9347 37.94111)",Nemophila menziesii,37.94111,-121.9347
"POINT (-122.0078 39.00663)",Nemophila menziesii,39.00663,-122.0078
"POINT (-122.25 37.08333)",Nemophila menziesii,37.08333,-122.25
"POINT (-120.5474 35.35107)",Nemophila menziesii,35.35107,-120.5474
"POINT (-118.4017 34.66583)",Nemophila menziesii,34.66583,-118.4017
"POINT (-118.4017 34.66583)",Nemophila menziesii,34.66583,-118.4017
"POINT (-116.572 33.0828)",Nemophila menziesii,33.0828,-116.572
"POINT (-121.47 38.45)",Nemophila menziesii,38.45,-121.47
"POINT (-117.7494 34.09)",Nemophila menziesii,34.09,-117.7494
"POINT (-120.6662 35.7554)",Nemophila menziesii,35.7554,-120.6662
"POINT (-122.6109 38.97155)",Nemophila menziesii,38.97155,-122.6109
"POINT (-121.9131 37.88178)",Nemophila menziesii,37.88178,-121.9131
"POINT (-120.6223 38.74626)",Nemophila menziesii,38.74626,-120.6223
"POINT (-123.154 39.05123)",Nemophila menziesii,39.05123,-123.154
"POINT (-122.4913 37.7198)",Nemophila menziesii,37.7198,-122.4913
"POINT (-122.4007 38.5885)",Nemophila menziesii,38.5885,-122.4007
"POINT (-118.3048 34.13453)",Nemophila menziesii,34.13453,-118.3048
"POINT (-116.6311 33.2842)",Nemophila menziesii,33.2842,-116.6311
"POINT (-117.89 33.81)",Nemophila menziesii,33.81,-117.89
"POINT (-121.1842 39.20333)",Nemophila menziesii,39.20333,-121.1842
"POINT (-116.523 33.1125)",Nemophila menziesii,33.1125,-116.523
"POINT (-116.5986 33.1992)",Nemophila menziesii,33.1992,-116.5986
"POINT (-122.5917 37.9273)",Nemophila menziesii,37.9273,-122.5917
"POINT (-117.1295 32.73409)",Nemophila menziesii,32.73409,-117.1295
"POINT (-118.586 35.33109)",Nemophila menziesii,35.33109,-118.586
"POINT (-121.9088 36.51897)",Nemophila menziesii,36.51897,-121.9088
"POINT (-117.4287 34.3252)",Nemophila menziesii,34.3252,-117.4287
"POINT (-123.0507 38.50241)",Nemophila menziesii,38.50241,-123.0507
"POINT (-116.4111 34.84988)",Nemophila menziesii,34.84988,-116.4111
"POINT (-116.6336 33.2817)",Nemophila menziesii,33.2817,-116.6336
"POINT (-122.25 37.08333)",Nemophila menziesii,37.08333,-122.25
"POINT (-120.0078 37.39306)",Nemophila menziesii,37.39306,-120.0078
"POINT (-120.9689 38.82828)",Nemophila menziesii,38.82828,-120.9689
"POINT (-122.0929 37.73688)",Nemophila menziesii,37.73688,-122.0929
"POINT (-123.6593 40.0844)",Nemophila menziesii,40.0844,-123.6593
"POINT (-117.4287 34.3252)",Nemophila menziesii,34.3252,-117.4287
"POINT (-120.8332 35.34247)",Nemophila menziesii,35.34247,-120.8332
"POINT (-122.9873 38.02368)",Nemophila menziesii,38.02368,-122.9873
"POINT (-121.9702 38.36104)",Nemophila menziesii,38.36104,-121.9702
"POINT (-118.4361 35.1125)",Nemophila menziesii,35.1125,-118.4361
"POINT (-121.5034 37.2384)",Nemophila menziesii,37.2384,-121.5034
"POINT (-117.4808 33.76088)",Nemophila menziesii,33.76088,-117.4808
"POINT (-117.2921 33.9456)",Nemophila menziesii,33.9456,-117.2921
"POINT (-117.4363 33.7866)",Nemophila menziesii,33.7866,-117.4363
"POINT (-123.3204 39.37227)",Nemophila menziesii,39.37227,-123.3204
"POINT (-121.6904 37.38329)",Nemophila menziesii,37.38329,-121.6904
"POINT (-120.939 38.715)",Nemophila menziesii,38.715,-120.939
"POINT (-122.7859 38.04091)",Nemophila menziesii,38.04091,-122.7859
"POINT (-122.0344 37.2202)",Nemophila menziesii,37.2202,-122.0344
"POINT (-119.2332 35.5583)",Nemophila menziesii,35.5583,-119.2332
"POINT (-121.1145 36.1147)",Nemophila menziesii,36.1147,-121.1145
"POINT (-122.1949 37.06003)",Nemophila menziesii,37.06003,-122.1949
"POINT (-121.5182 37.0763)",Nemophila menziesii,37.0763,-121.5182
"POINT (-122.2375 37.88306)",Nemophila menziesii,37.88306,-122.2375
"POINT (-122.5944 39.8468)",Nemophila menziesii,39.8468,-122.5944
"POINT (-120.8085 36.58321)",Nemophila menziesii,36.58321,-120.8085
"POINT (-122.25 37.08333)",Nemophila menziesii,37.08333,-122.25
"POINT (-121.0686 38.8953)",Nemophila menziesii,38.8953,-121.0686
"POINT (-122.9591 39.09927)",Nemophila menziesii,39.09927,-122.9591
"POINT (-122.4484 37.68089)",Nemophila menziesii,37.68089,-122.4484
"POINT (-123.2056 39.14479)",Nemophila menziesii,39.14479,-123.2056
"POINT (-117.6486 34.09453)",Nemophila menziesii,34.09453,-117.6486
"POINT (-116.7144 33.74553)",Nemophila menziesii,33.74553,-116.7144
"POINT (-120.4604 37.66423)",Nemophila menziesii,37.66423,-120.4604
"POINT (-118.1857 34.57942)",Nemophila menziesii,34.57942,-118.1857
"POINT (-121.5556 37.65059)",Nemophila menziesii,37.65059,-121.5556
"POINT (-116.8804 33.3436)",Nemophila menziesii,33.3436,-116.8804
"POINT (-116.9 33.933)",Nemophila menziesii,33.933,-116.9
"POINT (-117.5702 33.855598)",Nemophila menziesii,33.855598,-117.5702
"POINT (-123.3016 39.328804)",Nemophila menziesii,39.328804,-123.3016
"POINT (-122.2694 37.317913)",Nemophila menziesii,37.317913,-122.2694
"POINT (-117.94 33.87)",Nemophila menziesii,33.87,-117.94
"POINT (-116.6731 33.10921)",Nemophila menziesii,33.10921,-116.6731
"POINT (-122.545 38.41389)",Nemophila menziesii,38.41389,-122.545
"POINT (-121.9856 37.10833)",Nemophila menziesii,37.10833,-121.9856
"POINT (-117.1493 33.4956)",Nemophila menziesii,33.4956,-117.1493
"POINT (-122.5917 37.9273)",Nemophila menziesii,37.9273,-122.5917
"POINT (-116.6775 33.13577)",Nemophila menziesii,33.13577,-116.6775
"POINT (-116.5055 33.5691)",Nemophila menziesii,33.5691,-116.5055
"POINT (-122.1798 39.92731)",Nemophila menziesii,39.92731,-122.1798
"POINT (-118.8973 34.9798)",Nemophila menziesii,34.9798,-118.8973
"POINT (-122.2697 37.80444)",Nemophila menziesii,37.80444,-122.2697
"POINT (-117.53 33.67)",Nemophila menziesii,33.67,-117.53
"POINT (-120.5856 35.12187)",Nemophila menziesii,35.12187,-120.5856
"POINT (-123.4961 40.50722)",Nemophila menziesii,40.50722,-123.4961
"POINT (-118.4361 35.1125)",Nemophila menziesii,35.1125,-118.4361
"POINT (-122.25 37.083332)",Nemophila menziesii,37.083332,-122.25
"POINT (-119.4104 34.757)",Nemophila menziesii,34.757,-119.4104
"POINT (-119.7527 35.084389)",Nemophila menziesii,35.084389,-119.7527
"POINT (-122.3119 38.52)",Nemophila menziesii,38.52,-122.3119
"POINT (-117.3608 33.6814)",Nemophila menziesii,33.6814,-117.3608
"POINT (-122.4183 37.775)",Nemophila menziesii,37.775,-122.4183
"POINT (-122.6248 37.920685)",Nemophila menziesii,37.920685,-122.6248
"POINT (-119.6111 36.570831)",Nemophila menziesii,36.570831,-119.6111
"POINT (-120.8442 38.57889)",Nemophila menziesii,38.57889,-120.8442
"POINT (-121.814 39.2251)",Nemophila menziesii,39.2251,-121.814
"POINT (-120.3673 38.07775)",Nemophila menziesii,38.07775,-120.3673
"POINT (-122.2717 37.8931)",Nemophila menziesii,37.8931,-122.2717
"POINT (-122.204 37.877434)",Nemophila menziesii,37.877434,-122.204
"POINT (-117.4363 33.7866)",Nemophila menziesii,33.7866,-117.4363
"POINT (-116.7144 33.74553)",Nemophila menziesii,33.74553,-116.7144
"POINT (-121.9166 36.617738)",Nemophila menziesii,36.617738,-121.9166
"POINT (-120.6223 38.74626)",Nemophila menziesii,38.74626,-120.6223
"POINT (-119.6653 35.027778)",Nemophila menziesii,35.027778,-119.6653
"POINT (-122.25 37.083332)",Nemophila menziesii,37.083332,-122.25
"POINT (-121.9658 38.3302)",Nemophila menziesii,38.3302,-121.9658
"POINT (-119.6509 35.259804)",Nemophila menziesii,35.259804,-119.6509
"POINT (-121.9534 37.0619)",Nemophila menziesii,37.0619,-121.9534
"POINT (-121.606 39.612827)",Nemophila menziesii,39.612827,-121.606
"POINT (-121.8047 38.005)",Nemophila menziesii,38.005,-121.8047
"POINT (-121.9131 37.88178)",Nemophila menziesii,37.88178,-121.9131
"POINT (-119.9848 34.7432)",Nemophila menziesii,34.7432,-119.9848
"POINT (-122.7026 39.18314)",Nemophila menziesii,39.18314,-122.7026
"POINT (-122.6631 38.885494)",Nemophila menziesii,38.885494,-122.6631
"POINT (-121.9702 38.36104)",Nemophila menziesii,38.36104,-121.9702
"POINT (-119.6125 36.968315)",Nemophila menziesii,36.968315,-119.6125
"POINT (-117.2919 34.113067)",Nemophila menziesii,34.113067,-117.2919
"POINT (-117.5448 33.8155)",Nemophila menziesii,33.8155,-117.5448
"POINT (-122.5944 39.8468)",Nemophila menziesii,39.8468,-122.5944
"POINT (-122.6207 39.84641)",Nemophila menziesii,39.84641,-122.6207
"POINT (-120.2862 34.704265)",Nemophila menziesii,34.704265,-120.2862
"POINT (-117.1982 34.316)",Nemophila menziesii,34.316,-117.1982
"POINT (-118.8158 35.2741)",Nemophila menziesii,35.2741,-118.8158
"POINT (-117.2919 34.113067)",Nemophila menziesii,34.113067,-117.2919
"POINT (-117.2919 34.1131)",Nemophila menziesii,34.1131,-117.2919
"POINT (-122.0078 39.006634)",Nemophila menziesii,39.006634,-122.0078
"POINT (-120.6662 35.7554)",Nemophila menziesii,35.7554,-120.6662
"POINT (-120.3516 35.3607)",Nemophila menziesii,35.3607,-120.3516
"POINT (-120.8816 38.4456)",Nemophila menziesii,38.4456,-120.8816
"POINT (-120.036 34.778)",Nemophila menziesii,34.778,-120.036
"POINT (-122.4797 37.848286)",Nemophila menziesii,37.848286,-122.4797
"POINT (-123.2056 39.144787)",Nemophila menziesii,39.144787,-123.2056
"POINT (-117.3779 33.8037)",Nemophila menziesii,33.8037,-117.3779
"POINT (-122.4308 37.86278)",Nemophila menziesii,37.86278,-122.4308
"POINT (-117.4298 33.7415)",Nemophila menziesii,33.7415,-117.4298
"POINT (-116.788 33.39359)",Nemophila menziesii,33.39359,-116.788
"POINT (-121.4899 37.637153)",Nemophila menziesii,37.637153,-121.4899
"POINT (-120.8816 38.4456)",Nemophila menziesii,38.4456,-120.8816
"POINT (-122.3906 40.58667)",Nemophila menziesii,40.58667,-122.3906
"POINT (-121.9243 37.8454)",Nemophila menziesii,37.8454,-121.9243
"POINT (-120.0327 35.0238)",Nemophila menziesii,35.0238,-120.0327
"POINT (-120.939 38.715)",Nemophila menziesii,38.715,-120.939
"POINT (-121.27 38.64)",Nemophila menziesii,38.64,-121.27
"POINT (-121.9461 36.52167)",Nemophila menziesii,36.52167,-121.9461
"POINT (-119.3725 35.970917)",Nemophila menziesii,35.970917,-119.3725
"POINT (-118.7934 35.388786)",Nemophila menziesii,35.388786,-118.7934
"POINT (-121.846 39.2444)",Nemophila menziesii,39.2444,-121.846
"POINT (-122.4478 37.689358)",Nemophila menziesii,37.689358,-122.4478
"POINT (-122.2315 37.882366)",Nemophila menziesii,37.882366,-122.2315
"POINT (-120.3401 34.6633)",Nemophila menziesii,34.6633,-120.3401
"POINT (-122.4913 37.7198)",Nemophila menziesii,37.7198,-122.4913
"POINT (-121.6918 37.86721)",Nemophila menziesii,37.86721,-121.6918
"POINT (-120.4833 37.34111)",Nemophila menziesii,37.34111,-120.4833
"POINT (-120.8636 37.514681)",Nemophila menziesii,37.514681,-120.8636
"POINT (-120.229 37.74514)",Nemophila menziesii,37.74514,-120.229
"POINT (-120.2962 37.96217)",Nemophila menziesii,37.96217,-120.2962
"POINT (-120.2952 37.96108)",Nemophila menziesii,37.96108,-120.2952
"POINT (-120.3115 37.95774)",Nemophila menziesii,37.95774,-120.3115
"POINT (-120.3105 37.959169)",Nemophila menziesii,37.959169,-120.3105
"POINT (-120.2962 37.96217)",Nemophila menziesii,37.96217,-120.2962
"POINT (-120.2947 37.960999)",Nemophila menziesii,37.960999,-120.2947
"POINT (-120.3007 37.96577)",Nemophila menziesii,37.96577,-120.3007
"POINT (-120.8568 37.5175)",Nemophila menziesii,37.5175,-120.8568
"POINT (-120.8519 37.521945)",Nemophila menziesii,37.521945,-120.8519
"POINT (-120.8517 37.520278)",Nemophila menziesii,37.520278,-120.8517
"POINT (-120.8537 37.523228)",Nemophila menziesii,37.523228,-120.8537
"POINT (-120.8519 37.521945)",Nemophila menziesii,37.521945,-120.8519
"POINT (-122.249 37.08748)",Nemophila menziesii,37.08748,-122.249
"POINT (-118.4919 34.3506)",Nemophila menziesii,34.3506,-118.4919
"POINT (-116.7249 33.72156)",Nemophila menziesii,33.72156,-116.7249
"POINT (-116.7765 33.7749)",Nemophila menziesii,33.7749,-116.7765
"POINT (-116.7501 33.69967)",Nemophila menziesii,33.69967,-116.7501
"POINT (-118.8408 36.4878)",Nemophila menziesii,36.4878,-118.8408
"POINT (-121.5022 36.21887)",Nemophila menziesii,36.21887,-121.5022
"POINT (-115.5437 34.974332)",Nemophila menziesii,34.974332,-115.5437
"POINT (-115.5437 34.974332)",Nemophila menziesii,34.974332,-115.5437
"POINT (-119.7788 34.532166)",Nemophila menziesii,34.532166,-119.7788
"POINT (-117.7303 34.193333)",Nemophila menziesii,34.193333,-117.7303
"POINT (-117.7167 34.433333)",Nemophila menziesii,34.433333,-117.7167
"POINT (-117.9356 35.730967)",Nemophila menziesii,35.730967,-117.9356
"POINT (-117.2385 34.32837)",Nemophila menziesii,34.32837,-117.2385
"POINT (-116.752 34.00692)",Nemophila menziesii,34.00692,-116.752
"POINT (-118.3007 34.135786)",Nemophila menziesii,34.135786,-118.3007
"POINT (-121.9141 36.504308)",Nemophila menziesii,36.504308,-121.9141
"POINT (-118.7442 35.026)",Nemophila menziesii,35.026,-118.7442
"POINT (-116.7282 33.2237)",Nemophila menziesii,33.2237,-116.7282
"POINT (-115.6014 34.8492)",Nemophila menziesii,34.8492,-115.6014
"POINT (-123.8108 39.4504)",Nemophila menziesii,39.4504,-123.8108
"POINT (-120.0621 34.533524)",Nemophila menziesii,34.533524,-120.0621
"POINT (-119.99 34.736295)",Nemophila menziesii,34.736295,-119.99
"POINT (-118.5726 35.850819)",Nemophila menziesii,35.850819,-118.5726
"POINT (-120.4153 34.70039)",Nemophila menziesii,34.70039,-120.4153
"POINT (-120.1898 34.939003)",Nemophila menziesii,34.939003,-120.1898
"POINT (-119.3487 36.813721)",Nemophila menziesii,36.813721,-119.3487
"POINT (-119.9849 34.74303)",Nemophila menziesii,34.74303,-119.9849
"POINT (-122.9944 38.239349)",Nemophila menziesii,38.239349,-122.9944
"POINT (-119.0583 34.35417)",Nemophila menziesii,34.35417,-119.0583
"POINT (-119.0255 35.34376)",Nemophila menziesii,35.34376,-119.0255
"POINT (-119.4666 36.9094)",Nemophila menziesii,36.9094,-119.4666
"POINT (-122.7323 38.877528)",Nemophila menziesii,38.877528,-122.7323
"POINT (-123.0967 38.395)",Nemophila menziesii,38.395,-123.0967
"POINT (-122.4469 38.470556)",Nemophila menziesii,38.470556,-122.4469
"POINT (-122.38 38.51)",Nemophila menziesii,38.51,-122.38
"POINT (-122.3667 38.48)",Nemophila menziesii,38.48,-122.3667
"POINT (-122.405 38.505)",Nemophila menziesii,38.505,-122.405
"POINT (-122.3733 38.388333)",Nemophila menziesii,38.388333,-122.3733
"POINT (-122.4167 38.7)",Nemophila menziesii,38.7,-122.4167
"POINT (-122.4 38.638333)",Nemophila menziesii,38.638333,-122.4
"POINT (-122.4283 38.703333)",Nemophila menziesii,38.703333,-122.4283
"POINT (-122.47 38.67)",Nemophila menziesii,38.67,-122.47
"POINT (-119.5022 36.9325)",Nemophila menziesii,36.9325,-119.5022
"POINT (-122.4783 38.675)",Nemophila menziesii,38.675,-122.4783
"POINT (-122.32 38.63)",Nemophila menziesii,38.63,-122.32
"POINT (-122.5633 38.782417)",Nemophila menziesii,38.782417,-122.5633
"POINT (-122.375 38.383333)",Nemophila menziesii,38.383333,-122.375
"POINT (-123.2974 41.245056)",Nemophila menziesii,41.245056,-123.2974
"POINT (-122.4417 38.576667)",Nemophila menziesii,38.576667,-122.4417
"POINT (-122.4732 38.59425)",Nemophila menziesii,38.59425,-122.4732
"POINT (-122.4567 38.58)",Nemophila menziesii,38.58,-122.4567
"POINT (-122.4558 38.568056)",Nemophila menziesii,38.568056,-122.4558
"POINT (-122.4567 38.58)",Nemophila menziesii,38.58,-122.4567
"POINT (-122.4733 38.591667)",Nemophila menziesii,38.591667,-122.4733
"POINT (-122.46 38.581667)",Nemophila menziesii,38.581667,-122.46
"POINT (-123.15 39.37)",Nemophila menziesii,39.37,-123.15
"POINT (-122.465 38.5875)",Nemophila menziesii,38.5875,-122.465
"POINT (-122.5551 38.647639)",Nemophila menziesii,38.647639,-122.5551
"POINT (-123.3774 40.170889)",Nemophila menziesii,40.170889,-123.3774
"POINT (-122.7574 38.845333)",Nemophila menziesii,38.845333,-122.7574
"POINT (-122.5906 38.653056)",Nemophila menziesii,38.653056,-122.5906
"POINT (-122.7773 38.838139)",Nemophila menziesii,38.838139,-122.7773
"POINT (-122.7621 38.838139)",Nemophila menziesii,38.838139,-122.7621
"POINT (-116.5501 33.068111)",Nemophila menziesii,33.068111,-116.5501
"POINT (-123.4698 40.341111)",Nemophila menziesii,40.341111,-123.4698
"POINT (-123.3114 40.025444)",Nemophila menziesii,40.025444,-123.3114
"POINT (-123.6669 40.912417)",Nemophila menziesii,40.912417,-123.6669
"POINT (-117.6172 33.761907)",Nemophila menziesii,33.761907,-117.6172
"POINT (-117.5876 33.78866)",Nemophila menziesii,33.78866,-117.5876
"POINT (-117.5799 33.778444)",Nemophila menziesii,33.778444,-117.5799
"POINT (-120.335 35.576)",Nemophila menziesii,35.576,-120.335
"POINT (-120.335 35.576)",Nemophila menziesii,35.576,-120.335
"POINT (-120.8568 39.18123)",Nemophila menziesii,39.18123,-120.8568
"POINT (-123.1744 44.063)",Nemophila menziesii,44.063,-123.1744
"POINT (-117.8245 34.402345)",Nemophila menziesii,34.402345,-117.8245
"POINT (-122.0612 37.214582)",Nemophila menziesii,37.214582,-122.0612
"POINT (-118.1804 34.116398)",Nemophila menziesii,34.116398,-118.1804
"POINT (-117.4462 34.34702)",Nemophila menziesii,34.34702,-117.4462
"POINT (-122.2374 37.874574)",Nemophila menziesii,37.874574,-122.2374
"POINT (-122.2385 37.874413)",Nemophila menziesii,37.874413,-122.2385
"POINT (-120.852 35.340629)",Nemophila menziesii,35.340629,-120.852
"POINT (-118.1445 34.147785)",Nemophila menziesii,34.147785,-118.1445
"POINT (-120.335 38.076146)",Nemophila menziesii,38.076146,-120.335
"POINT (-120.9357 38.823174)",Nemophila menziesii,38.823174,-120.9357
"POINT (-120.7751 39.218107)",Nemophila menziesii,39.218107,-120.7751
"POINT (-120.7985 38.729625)",Nemophila menziesii,38.729625,-120.7985
"POINT (-121.2722 38.673621)",Nemophila menziesii,38.673621,-121.2722
"POINT (-121.1999 38.891528)",Nemophila menziesii,38.891528,-121.1999
"POINT (-121.288 38.781118)",Nemophila menziesii,38.781118,-121.288
"POINT (-121.293 38.891565)",Nemophila menziesii,38.891565,-121.293
"POINT (-123.6542685 39.7329341)",Point 1010,39.7329341,-123.6542685
"POINT (-119.2005989 35.0775992)",Point 1010,35.0775992,-119.2005989
"POINT (-122.3586 38.8625)",Nemophila menziesii,38.8625,-122.3586
"POINT (-122.4785 38.71233)",Point 1012,38.71233,-122.4785
"POINT (-122.4675325 38.7829461)",Point 1013,38.7829461,-122.4675325
"POINT (-122.5224642 38.8706742)",Point 1014,38.8706742,-122.5224642
"POINT (-117.1837 34.27027)",Point 1015,34.27027,-117.1837
"POINT (-117.1771 34.18615)",Point 1016,34.18615,-117.1771
"POINT (-116.8270867 33.9520812)",Point 1017,33.9520812,-116.8270867
